Time (ps),Density (g/ml),Protein RMSD (nm),Protein Dipole (Debye),Ca-Total Protein O CN (0.3nm),Ca-Carboxylate O CN
0.0,1.0188644848145127,0.0,,26,20
1.0000000029814058,1.0197722360917547,0.05197227,,26,20
2.0000000059628116,1.0211436461844736,0.058172494,,24,18
3.0000000089442174,1.019871238005781,0.061506845,,25,19
4.000000011925623,1.0219392850719884,0.06320105,,24,18
5.0000000149070285,1.0200448505453283,0.06545522,,25,19
6.000000017888435,1.0214830668453834,0.0692604,,25,19
7.000000020869841,1.0203840470887409,0.07443745,,25,19
8.000000023851246,1.0202605421719213,0.077498645,,25,19
9.000000026832652,1.0204849680304795,0.08190866,,25,19
10.000000029814057,1.0200296151902153,0.07719518,,25,19
11.000000032795464,1.021610454179954,0.08638943,,25,19
12.00000003577687,1.0212730819037306,0.089419685,,25,19
13.000000038758275,1.023506656799633,0.08910224,,24,18
14.000000041739682,1.0255054351691515,0.0872454,,24,18
15.000000044721087,1.0225507220089523,0.09184356,,24,18
16.000000047702493,1.0192648227372263,0.0916922,,25,19
17.000000050683898,1.0226627355034223,0.09366931,,25,19
18.000000053665303,1.0188518956730437,0.093693316,,25,19
19.00000005664671,1.0205606674708267,0.09425408,,25,19
20.000000059628114,1.0205412162054617,0.096135005,,24,18
21.000000062609523,1.0185314669528318,0.095772676,,23,17
22.00000006559093,1.0169776440719953,0.098408766,,25,19
23.000000068572334,1.0193876420535262,0.101071835,,25,19
24.00000007155374,1.0217341770292008,0.10489957,,25,19
25.000000074535144,1.0217770898319851,0.10920775,,24,18
26.00000007751655,1.0216436204733035,0.10514091,,24,18
27.000000080497955,1.0196530306337952,0.106085956,,25,19
28.000000083479364,1.0197430894289117,0.10576842,,24,18
29.00000008646077,1.0200937107998227,0.104037024,,24,18
30.000000089442175,1.0196136496539399,0.109705225,,24,18
31.00000009242358,1.0200687549036163,0.11234899,,24,18
32.000000095404985,1.0202153496096484,0.11099912,,25,19
33.000000098386394,1.020064814573366,0.11238329,,24,18
34.000000101367796,1.0206418949882423,0.11168027,,24,18
35.000000104349205,1.019324130456339,0.10350418,,23,17
36.00000010733061,1.0194648078697532,0.10436116,,23,17
37.000000110312016,1.0207460049918133,0.112197295,,24,18
38.00000011329342,1.0215464946681991,0.112002075,,24,18
39.000000116274826,1.0218816175719807,0.11306693,,23,17
40.00000011925623,1.0209879313837416,0.11902545,,25,19
41.00000012223764,1.0219724656000475,0.11981942,,24,18
42.000000125219046,1.0222656226584033,0.11588112,,24,18
43.00000012820045,1.022821954595349,0.117871925,,23,17
44.00000013118186,1.0204636789117942,0.123421595,,24,18
45.00000013416326,1.021296498425184,0.11903946,,24,18
46.00000013714467,1.0217712977796696,0.12271806,,24,18
47.00000014012607,1.0210226488330043,0.115647376,,23,17
48.00000014310748,1.0199508164724111,0.11603826,,24,18
49.00000014608889,1.0222988173147487,0.11773825,,24,18
50.00000014907029,1.0265024053710983,0.12193046,,24,18
51.0000001520517,1.0236037672732554,0.121296726,,24,18
52.0000001550331,1.0215220177492192,0.1293469,,24,18
53.00000015801451,1.024410152874482,0.11997739,,24,18
54.00000016099591,1.0242289460215963,0.124859154,,24,18
55.00000016397732,1.0228177364448983,0.12569918,,25,19
56.00000016695873,1.0205254452720938,0.12759003,,24,18
57.00000016994013,1.0222964462202055,0.12694767,,22,15
58.00000017292154,1.0247341071659242,0.12049538,,24,18
59.00000017590294,1.0217404953278275,0.12725827,,24,18
60.00000017888435,1.0237497199736436,0.12356279,,25,19
61.00000018186575,1.0207310185886458,0.12601405,,21,14
62.00000018484716,1.021945341727879,0.12827961,,24,18
63.00000018782856,1.0177215549169683,0.12709008,,21,14
64.00000019080997,1.019304185754133,0.12861536,,20,14
65.00000019379138,1.0199368962092186,0.13121231,,21,14
66.00000019677279,1.0203243943529572,0.12488755,,25,19
67.00000019975418,1.0160972492663283,0.12556088,,25,19
68.00000020273559,1.018681438134518,0.12990907,,25,19
69.000000205717,1.0164344351343138,0.13171628,,25,19
70.00000020869841,1.0182224408924618,0.13052286,,25,19
71.0000002116798,1.0188293406465936,0.136576,,25,19
72.00000021466121,1.0175683683080219,0.12817875,,25,19
73.00000021764262,1.0178417690149895,0.13873282,,25,19
74.00000022062403,1.0222089843011404,0.13300678,,25,19
75.00000022360544,1.0185388075142097,0.121182516,,24,18
76.00000022658683,1.0180102053549307,0.128295,,25,19
77.00000022956824,1.0185118050823658,0.1316222,,25,19
78.00000023254965,1.0195593072319853,0.1306538,,25,19
79.00000023553106,1.0197241840793536,0.123228095,,20,14
80.00000023851246,1.0200795252431811,0.12505193,,25,19
81.00000024149386,1.0179688131991895,0.13273661,,21,14
82.00000024447527,1.0176568723762864,0.13376452,,25,19
83.00000024745668,1.0175476839255901,0.14050761,,21,15
84.00000025043809,1.0196215256876722,0.14399455,,20,14
85.00000025341949,1.0168847715993847,0.14360209,,24,18
86.0000002564009,1.0165761499859052,0.13643512,,18,13
87.0000002593823,1.0203538259586333,0.14515959,,20,14
88.00000026236371,1.0166833687596721,0.14163713,,25,19
89.00000026534512,1.0178161007988218,0.14223698,,24,18
90.00000026832652,1.0206676582666956,0.14722128,,25,19
91.00000027130793,1.0225538845184832,0.15381809,,25,19
92.00000027428933,1.019180330306049,0.1523276,,20,14
93.00000027727074,1.0212004689285943,0.15502305,,21,14
94.00000028025214,1.0182808815267854,0.15684727,,25,19
95.00000028323355,1.0214806982732123,0.14831331,,25,19
96.00000028621496,1.0219735189736683,0.15801169,,20,13
97.00000028919636,1.019010324153074,0.16162466,,25,19
98.00000029217777,1.0175343310144538,0.15404448,,25,19
99.00000029515917,1.0215857120072134,0.15225267,,25,19
100.00000029814058,1.0217555014958568,0.15199468,,25,19
101.00000030112199,1.0182305646592016,0.15405485,,25,19
102.0000003041034,1.0198213415402373,0.1526334,,21,14
103.00000030708479,1.0198743894707807,0.15610361,,21,14
104.0000003100662,1.0196047235804386,0.14994487,,25,19
105.00000031304761,1.0202707896938958,0.15017638,,20,14
106.00000031602902,1.0194288486802547,0.14954847,,20,14
107.00000031901043,1.0224281848076924,0.1533197,,21,14
108.00000032199182,1.017405526693043,0.1528516,,20,14
109.00000032497323,1.018732309172654,0.14729156,,21,14
110.00000032795464,1.0179250657017627,0.15016685,,25,19
111.00000033093605,1.0210857755007807,0.15333152,,26,20
112.00000033391746,1.0197370501692264,0.15614326,,25,19
113.00000033689885,1.0208022723519394,0.16092657,,21,14
114.00000033988026,1.020276307647187,0.15928014,,24,18
115.00000034286167,1.0224579608642863,0.15487316,,25,19
116.00000034584308,1.018322028512584,0.15228508,,25,19
117.00000034882447,1.0193981403463181,0.15522262,,25,19
118.00000035180588,1.0207147179218072,0.15625218,,25,19
119.00000035478729,1.0206871127454105,0.15420148,,25,19
120.0000003577687,1.0200929227064426,0.1491263,,22,16
121.00000036075011,1.0225193611619892,0.14983222,,22,16
122.0000003637315,1.0230020385226202,0.15152623,,25,19
123.00000036671291,1.0196443666442236,0.15386362,,25,19
124.00000036969432,1.0191861027836155,0.1631012,,25,19
125.00000037267573,1.0197302232374421,0.16294491,,21,14
126.00000037565712,1.0186911400814287,0.16281953,,21,14
127.00000037863853,1.018085398112535,0.1580354,,25,19
128.00000038161994,1.0182318749522532,0.15603235,,25,19
129.00000038460135,1.0178247440813526,0.15527722,,25,19
130.00000038758276,1.0196488298993205,0.1600391,,25,19
131.00000039056417,1.0185576835673689,0.16179086,,25,19
132.00000039354558,1.0197801137588716,0.15574105,,24,18
133.00000039652696,1.0223507197766653,0.16019684,,25,19
134.00000039950837,1.0230020385226202,0.16566029,,25,19
135.00000040248977,1.0246410818423115,0.1604284,,21,14
136.00000040547118,1.0226092305463832,0.16645908,,20,14
137.0000004084526,1.022836191024362,0.1651937,,21,14
138.000000411434,1.0221565646199084,0.16327715,,20,14
139.0000004144154,1.0221602523194706,0.17110124,,24,18
140.00000041739682,1.0186457779829154,0.16307032,,25,19
141.00000042037823,1.021770244683952,0.17019144,,25,19
142.0000004233596,1.0212643995552306,0.17454772,,20,14
143.00000042634102,1.0213012344379047,0.16730165,,21,14
144.00000042932243,1.0203485702317436,0.1632021,,25,19
145.00000043230384,1.0218681887770356,0.17626533,,25,19
146.00000043528524,1.021873454943088,0.17231248,,25,19
147.00000043826665,1.0204387109468847,0.17172788,,25,19
148.00000044124806,1.022534646120474,0.16736798,,24,18
149.00000044422947,1.0215185963067102,0.17332122,,25,19
150.00000044721088,1.0215838695369523,0.17230242,,25,19
151.00000045019226,1.0197016033020594,0.18052569,,25,19
152.00000045317367,1.0210200186681067,0.17398359,,25,19
153.00000045615508,1.020056671288492,0.17348906,,25,19
154.0000004591365,1.0186518086269063,0.17432706,,25,19
155.0000004621179,1.0204358199719863,0.17287359,,25,19
156.0000004650993,1.0211015579808305,0.17661029,,25,19
157.0000004680807,1.019777750450217,0.18235329,,25,19
158.00000047106212,1.0213706993222014,0.1721023,,25,19
159.00000047404353,1.0225206788188248,0.18322995,,25,19
160.0000004770249,1.0218916234937387,0.18200082,,24,18
161.00000048000632,1.0228296000521597,0.17987818,,24,18
162.00000048298773,1.0248157778822067,0.16940378,,25,19
163.00000048596914,1.0213459648912244,0.16204879,,25,19
164.00000048895055,1.0207454791481396,0.17271142,,24,18
165.00000049193196,1.0203472563056613,0.17820087,,19,14
166.00000049491337,1.0195784710269409,0.18770757,,20,14
167.00000049789477,1.0214151706803012,0.1857852,,19,14
168.00000050087618,1.0198289571060697,0.18286073,,25,19
169.0000005038576,1.0201034306849306,0.17879422,,19,14
170.00000050683897,1.0217810389836637,0.18500383,,23,17
171.00000050982038,1.0200164815069117,0.18697706,,20,14
172.0000005128018,1.0221099430909808,0.17583495,,25,19
173.0000005157832,1.021005026900688,0.17381349,,17,13
174.0000005187646,1.0226756510522814,0.18542944,,25,19
175.00000052174602,1.0205391133955704,0.17699629,,19,14
176.00000052472743,1.0210686781810965,0.17360671,,25,19
177.00000052770883,1.0187346692514818,0.17745951,,20,14
178.00000053069024,1.0193519489363008,0.19463001,,25,19
179.00000053367162,1.0233697202429979,0.1843098,,25,19
180.00000053665303,1.0231842748021895,0.18235978,,25,19
181.00000053963444,1.0197354747180212,0.1830107,,25,19
182.00000054261585,1.0202179770111197,0.18693492,,20,14
183.00000054559726,1.019609974199292,0.18211132,,20,14
184.00000054857867,1.0206324311445316,0.18226738,,25,19
185.00000055156008,1.0169313372283855,0.18035093,,20,14
186.0000005545415,1.0156828979864705,0.19147122,,20,14
187.0000005575229,1.0185773466187296,0.1840624,,19,14
188.00000056050428,1.0155907054354183,0.18257305,,19,14
189.00000056348568,1.017097217680915,0.18365178,,19,14
190.0000005664671,1.0201924915975222,0.1772907,,25,19
191.0000005694485,1.0233064052396832,0.17252126,,20,14
192.0000005724299,1.0216723131074714,0.17548844,,25,19
193.00000057541132,1.0246807219386278,0.18071663,,25,19
194.00000057839273,1.0235718355717442,0.1866748,,20,14
195.00000058137414,1.0240155676876994,0.18002646,,21,14
196.00000058435555,1.022490636805603,0.17569587,,25,19
197.00000058733693,1.0229466641469003,0.17400658,,25,19
198.00000059031834,1.021187841287788,0.1729723,,25,19
199.00000059329975,1.0210481619013274,0.1710678,,19,13
200.00000059628115,1.0200243616898366,0.17522256,,23,17
201.00000059926256,1.0205409533539092,0.18136397,,25,19
202.00000060224397,1.0190347208602952,0.17841628,,25,19
203.00000060522538,1.0207486342156011,0.1868192,,24,18
204.0000006082068,1.0205606674708267,0.18450943,,26,20
205.0000006111882,1.0192023709094769,0.17976907,,26,20
206.00000061416958,1.018924286068955,0.18618375,,25,19
207.000000617151,1.0215912394445805,0.18805434,,25,19
208.0000006201324,1.0220225024458398,0.20122781,,19,14
209.0000006231138,1.0200385462236552,0.19432567,,19,14
210.00000062609521,1.020021734953176,0.18807226,,18,13
211.00000062907662,1.0258560541020207,0.1946066,,19,14
212.00000063205803,1.0218837240709686,0.19721556,,19,14
213.00000063503944,1.019991528129812,0.19896796,,18,13
214.00000063802085,1.0213585951391693,0.19421528,,18,14
215.00000064100223,1.0186478755928174,0.19706391,,17,13
216.00000064398364,1.0190698744746125,0.20099673,,18,14
217.00000064696505,1.0189909122757392,0.19801101,,18,14
218.00000064994646,1.0197604197432133,0.19428214,,18,14
219.00000065292787,1.0241439044820766,0.19591889,,18,14
220.00000065590928,1.0199815470068745,0.18821196,,18,14
221.00000065889068,1.0201328537925092,0.18439624,,18,14
222.0000006618721,1.020037758187099,0.17756782,,18,14
223.0000006648535,1.0191401865541696,0.17918769,,18,14
224.0000006678349,1.0181949255504044,0.1809189,,18,14
225.0000006708163,1.02010027827623,0.1855399,,18,14
226.0000006737977,1.0245636574182855,0.18090644,,17,13
227.0000006767791,1.021568603525231,0.18031906,,18,14
228.00000067976052,1.0227597392281838,0.17455171,,25,19
229.00000068274193,1.020637688821037,0.17597681,,25,19
230.00000068572334,1.0200154308219878,0.17295296,,18,14
231.00000068870474,1.0188369463369282,0.17425965,,17,13
232.00000069168615,1.0199038037702532,0.1702638,,18,14
233.00000069466756,1.0208769513094351,0.1687968,,18,14
234.00000069764894,1.0212315127639466,0.18164594,,18,14
235.00000070063035,1.019926915799074,0.18749847,,18,14
236.00000070361176,1.0200409103381949,0.18056546,,18,14
237.00000070659317,1.022712817416441,0.1775978,,18,14
238.00000070957458,1.0235385857900392,0.18337588,,18,14
239.000000712556,1.0214443810835578,0.1825435,,25,19
240.0000007155374,1.0260222900765965,0.17307964,,25,19
241.0000007185188,1.0208191007770009,0.18328086,,25,19
242.00000072150021,1.0191058167817955,0.17606656,,25,19
243.0000007244816,1.0208585438476998,0.17077018,,25,19
244.000000727463,1.023405864899236,0.16849141,,18,14
245.0000007304444,1.0226914663062714,0.17359799,,18,14
246.00000073342582,1.018842191684715,0.17271222,,18,14
247.00000073640723,1.0210981384158848,0.17135738,,25,19
248.00000073938864,1.0206269106230665,0.1809719,,25,19
249.00000074237005,1.0233114174870659,0.18250643,,25,19
250.00000074535146,1.02140411838573,0.17982739,,24,18
251.00000074833287,1.0233441298002466,0.18107325,,25,19
252.00000075131425,1.0228944576816303,0.1812838,,24,18
253.00000075429566,1.0193753067436988,0.17656834,,24,18
254.00000075727706,1.0199143091513312,0.18288378,,24,18
255.00000076025847,1.0198743894707807,0.18399635,,23,17
256.0000007632399,1.02060272595068,0.18830705,,18,14
257.00000076622126,1.0181336092117377,0.18787701,,25,19
258.0000007692027,1.0168842484062217,0.18946621,,25,19
259.0000007721841,1.0155651128816146,0.18740372,,25,19
260.0000007751655,1.0171581891211545,0.19505915,,25,19
261.0000007781469,1.0203062629450799,0.1887372,,25,19
262.00000078112834,1.0197598945764041,0.18650182,,25,19
263.0000007841097,1.0211289150500902,0.18702137,,25,19
264.00000078709115,1.0239801864168134,0.189724,,25,19
265.00000079007253,1.0223011884166244,0.19162628,,25,19
266.0000007930539,1.0211841582651036,0.18686472,,24,18
267.00000079603535,1.0176964144928577,0.18676013,,25,19
268.00000079901673,1.0192700710223752,0.18874612,,25,19
269.00000080199817,1.0209879313837416,0.19043344,,25,19
270.00000080497955,1.0203611840369193,0.1913458,,25,19
271.000000807961,1.0185949127059692,0.18801902,,25,19
272.00000081094237,1.0188151785283825,0.19818762,,25,19
273.0000008139238,1.0204355571566281,0.19471556,,25,19
274.0000008169052,1.0226208273630961,0.19599488,,26,20
275.00000081988657,1.020969521253853,0.19558792,,25,19
276.000000822868,1.02042005121023,0.20160362,,25,19
277.0000008258494,1.0222827467064193,0.1989077,,25,19
278.0000008288308,1.0208070053091012,0.19402243,,25,19
279.0000008318122,1.0242432085681181,0.18941143,,25,19
280.00000083479364,1.0212762391457684,0.19064148,,25,19
281.000000837775,1.0212178322746543,0.19811392,,23,17
282.00000084075646,1.0238117516743723,0.19622298,,25,19
283.00000084373784,1.0234784231789973,0.20306918,,25,19
284.0000008467192,1.0219756257252535,0.2047087,,25,19
285.00000084970065,1.0219329651342601,0.19837283,,18,14
286.00000085268204,1.020669235638443,0.19580439,,25,19
287.0000008556635,1.0199978320640293,0.19740185,,18,14
288.00000085864485,1.0180843500789662,0.1867327,,25,19
289.0000008616263,1.0193997151026706,0.19571117,,25,19
290.00000086460767,1.0195304311877593,0.19221339,,18,14
291.0000008675891,1.0182151033709752,0.19352904,,25,19
292.0000008705705,1.0193498493930635,0.19073729,,25,19
293.00000087355187,1.0206229674178244,0.19549647,,24,18
294.0000008765333,1.0216728395878611,0.19201665,,18,14
295.0000008795147,1.0198076862327612,0.18906878,,25,19
296.0000008824961,1.0198074236330836,0.18707964,,24,18
297.0000008854775,1.0191847908530678,0.19249626,,25,19
298.00000088845894,1.0227241521979125,0.19635889,,25,19
299.0000008914403,1.0232140802219047,0.19906141,,24,18
300.00000089442176,1.022491427369821,0.1947994,,25,19
301.00000089740314,1.0191333649496994,0.19588852,,25,19
302.0000009003845,1.0174196626905896,0.19476011,,25,19
303.00000090336596,1.0188348482078955,0.19553241,,25,19
304.00000090634734,1.0177859810335383,0.19352798,,18,14
305.0000009093288,1.017238532322495,0.18456577,,25,19
306.00000091231016,1.019105029705873,0.18603495,,25,19
307.0000009152916,1.0194821318785436,0.18016268,,25,19
308.000000918273,1.0183479758407936,0.18890007,,25,19
309.0000009212544,1.0190816801555265,0.18500334,,18,14
310.0000009242358,1.021573867632844,0.18842351,,18,14
311.0000009272172,1.0188589770395997,0.18851015,,18,14
312.0000009301986,1.0197937685740854,0.18441477,,25,19
313.00000093318,1.0203228176917396,0.18177322,,25,19
314.0000009361614,1.0201982717199916,0.1844027,,25,19
315.0000009391428,1.0245448970425775,0.17415044,,25,19
316.00000094212425,1.0215736044266046,0.17342049,,25,19
317.0000009451056,1.0205969427726644,0.17582642,,25,19
318.00000094808706,1.0218845140095818,0.17669734,,25,19
319.00000095106844,1.020462364788071,0.17072725,,25,19
320.0000009540498,1.0200955496875341,0.17733133,,25,19
321.00000095703126,1.0193469625305271,0.17981943,,25,19
322.00000096001264,1.0209568974206025,0.18272221,,25,19
323.0000009629941,1.019781951892874,0.18946381,,25,19
324.00000096597546,1.0205809078257888,0.19243066,,25,19
325.0000009689569,1.0195417189661387,0.19021888,,25,19
326.0000009719383,1.0183760209140718,0.20434856,,25,19
327.0000009749197,1.0175379964962068,0.20354882,,25,19
328.0000009779011,1.0206100864222567,0.20116735,,25,19
329.00000098088253,1.0188867785947056,0.19737066,,25,19
330.0000009838639,1.015367974586067,0.1970344,,25,19
331.0000009868453,1.0171856671141828,0.19724509,,25,19
332.00000098982673,1.0213038655687359,0.20163815,,25,19
333.0000009928081,1.0197354747180212,0.19666746,,25,19
334.00000099578955,1.0203257082397865,0.1979134,,26,20
335.00000099877093,1.0179394732833518,0.1965506,,25,19
336.00000100175237,1.0197491287362856,0.19765148,,25,19
337.00000100473375,1.0158505968954334,0.19744194,,25,19
338.0000010077152,1.0185576835673689,0.19591661,,25,19
339.00000101069656,1.021021333749426,0.1918039,,25,19
340.00000101367795,1.0188487484200832,0.18549328,,25,19
341.0000010166594,1.0198696622781502,0.19117734,,25,19
342.00000101964076,1.0172178568791017,0.18554017,,25,19
343.0000010226222,1.018873664527588,0.18129519,,25,19
344.0000010256036,1.020106057702103,0.18146689,,25,19
345.000001028585,1.0236507435954068,0.18684988,,25,19
346.0000010315664,1.023222257132322,0.17991707,,24,18
347.00000103454784,1.0237711005470693,0.1755957,,23,17
348.0000010375292,1.0211494334933637,0.17864627,,25,19
349.0000010405106,1.0217723508768346,0.18670782,,25,19
350.00000104349203,1.021511227097817,0.18467185,,25,19
351.0000010464734,1.0203743236384002,0.1872702,,25,19
352.00000104945485,1.0182724951519644,0.19411692,,25,19
353.00000105243623,1.019304185754133,0.1913146,,25,19
354.00000105541767,1.0158276079458026,0.19153672,,25,19
355.00000105839905,1.0195052311675248,0.19249575,,25,19
356.0000010613805,1.0199185113441607,0.18831803,,25,19
357.00000106436187,1.0196133871208795,0.18838878,,25,19
358.00000106734325,1.0201399470323573,0.18705401,,25,19
359.0000010703247,1.0208151565816892,0.1884339,,25,19
360.00000107330607,1.018605924489009,0.19006595,,25,19
361.0000010762875,1.0199363709212277,0.19361933,,25,19
362.0000010792689,1.0191359886365217,0.19863078,,25,19
363.0000010822503,1.0208193637240774,0.19925663,,24,19
364.0000010852317,1.0217128531559414,0.19382742,,25,19
365.00000108821314,1.0191304789045974,0.1907715,,25,19
366.0000010911945,1.019564557539002,0.20444413,,25,19
367.0000010941759,1.0174461029445285,0.20741788,,25,19
368.00000109715734,1.0188154407874457,0.20820329,,25,19
369.0000011001387,1.021037903967559,0.19969408,,25,19
370.00000110312016,1.0233499337433773,0.19770028,,25,19
371.00000110610154,1.0218800377015391,0.20214967,,25,19
372.000001109083,1.0189489423345723,0.20137472,,25,19
373.00000111206435,1.0183828357602933,0.20006517,,25,19
374.0000011150458,1.0209687322581777,0.1961769,,25,19
375.00000111802717,1.0219361250966101,0.19964024,,25,19
376.00000112100855,1.0209474296822414,0.19339512,,25,19
377.00000112399,1.0205314907581435,0.19690385,,25,19
378.00000112697137,1.018170293609028,0.20792778,,25,19
379.0000011299528,1.0184819200084785,0.21333638,,25,19
380.0000011329342,1.017171535451297,0.20958233,,25,19
381.0000011359156,1.017421233373149,0.2112565,,25,19
382.000001138897,1.0162226963501875,0.21396753,,25,19
383.00000114187844,1.0168557349216412,0.2094498,,25,19
384.0000011448598,1.0203635491485363,0.20960155,,25,19
385.0000011478412,1.017991080852188,0.21048203,,25,19
386.00000115082264,1.0178074576141547,0.20292059,,25,19
387.000001153804,1.0189151057477646,0.2014287,,25,19
388.00000115678546,1.0205296508225516,0.20250082,,25,19
389.00000115976684,1.0227030643664536,0.20558389,,25,19
390.0000011627483,1.0212375638275377,0.20259054,,25,19
391.00000116572966,1.0208290928293973,0.20812261,,25,19
392.0000011687111,1.0210381669897852,0.20462498,,25,19
393.0000011716925,1.0188956962888982,0.20123014,,25,19
394.00000117467386,1.0204865450257914,0.19760607,,25,19
395.0000011776553,1.0161458575608942,0.20188537,,25,19
396.0000011806367,1.0169588070506348,0.20242348,,25,19
397.0000011836181,1.0185521780036833,0.20504925,,25,19
398.0000011865995,1.0179313526130198,0.20683618,,25,19
399.0000011895809,1.0207057789938025,0.20435289,,25,19
400.0000011925623,1.023618282122109,0.20196211,,25,19
401.00000119554375,1.0213878033851747,0.20741633,,25,19
402.0000011985251,1.0219611419250492,0.20367758,,25,19
403.0000012015065,1.022206876908122,0.20692845,,25,19
404.00000120448794,1.0219835260952703,0.20104161,,25,19
405.0000012074693,1.0205073091004437,0.20183356,,25,19
406.00000121045076,1.0209192901509299,0.19948283,,25,19
407.00000121343214,1.0201995853902786,0.20322864,,25,19
408.0000012164136,1.019810837435925,0.2001901,,25,19
409.00000121939496,1.0213178107130312,0.20199671,,24,18
410.0000012223764,1.0179397352418975,0.19702552,,19,15
411.0000012253578,1.0198163520727022,0.20017047,,25,19
412.00000122833916,1.0201084220252707,0.2096262,,25,19
413.0000012313206,1.0225267400694296,0.20445089,,25,19
414.000001234302,1.0201294385523323,0.20065603,,25,19
415.0000012372834,1.0193430259173635,0.20958725,,25,19
416.0000012402648,1.0191895138135771,0.20192698,,25,19
417.00000124324623,1.0191430726359263,0.20612991,,25,19
418.0000012462276,1.01936349652717,0.20125642,,25,19
419.00000124920905,1.0187102821217986,0.19408807,,25,19
420.00000125219043,1.018736242641417,0.20270273,,25,19
421.0000012551718,1.017946022273958,0.20203313,,25,19
422.00000125815325,1.0205945769397062,0.20706347,,25,19
423.0000012611346,1.0176395897104251,0.20359008,,25,19
424.00000126411607,1.0194514214045272,0.20824468,,25,19
425.00000126709745,1.018714215477163,0.20765904,,25,19
426.0000012700789,1.0215728148084282,0.20487824,,25,19
427.00000127306026,1.0194537837048896,0.20613177,,25,19
428.0000012760417,1.0203280732417643,0.19969094,,25,19
429.0000012790231,1.0213738569666215,0.20364961,,25,19
430.00000128200446,1.0233472955819678,0.19950025,,25,19
431.0000012849859,1.021322020617803,0.20353177,,25,19
432.0000012879673,1.0212294080573812,0.20893304,,25,19
433.0000012909487,1.0194330482064051,0.2050736,,26,20
434.0000012939301,1.0201825078524664,0.20402412,,25,19
435.00000129691153,1.0236438817061606,0.2102218,,25,19
436.0000012998929,1.0219703588571483,0.2045478,,25,19
437.00000130287435,1.0226329514953294,0.20589516,,25,19
438.00000130585573,1.0211804752601301,0.20356412,,25,19
439.0000013088371,1.0217897271889924,0.20120032,,25,19
440.00000131181855,1.017422018715641,0.20640144,,25,19
441.00000131479993,1.0193396142023516,0.20178862,,25,19
442.00000131778137,1.0189295320162937,0.20470583,,25,19
443.00000132076275,1.0187776764091274,0.20727932,,25,19
444.0000013237442,1.0189067124077573,0.21036287,,25,19
445.00000132672557,1.0212594006719509,0.2106586,,25,19
446.000001329707,1.0226719608732722,0.20693533,,25,19
447.0000013326884,1.0198478650456229,0.2056576,,25,19
448.0000013356698,1.0210507921628889,0.20079806,,25,19
449.0000013386512,1.0207775562732375,0.21165565,,25,19
450.0000013416326,1.0217560280334048,0.21394417,,25,19
451.000001344614,1.019649880080776,0.22369011,,25,19
452.0000013475954,1.0163905141074072,0.21624522,,25,19
453.00000135057684,1.0183086620511663,0.21404609,,25,19
454.0000013535582,1.019606036231772,0.21279824,,25,19
455.00000135653966,1.0193346278770288,0.21819174,,25,19
456.00000135952104,1.0179195646968817,0.22243364,,25,19
457.0000013625025,1.0203701189413805,0.22269368,,25,19
458.00000136548385,1.0194283237411077,0.22549756,,25,19
459.00000136846523,1.0194220244994567,0.22019844,,19,15
460.0000013714467,1.0182918887834962,0.21848965,,25,19
461.00000137442805,1.019803222050503,0.21829803,,25,19
462.0000013774095,1.0213488593046516,0.22295101,,20,15
463.00000138039087,1.0229548382080673,0.2172596,,20,15
464.0000013833723,1.020654250738071,0.2157687,,25,19
465.0000013863537,1.0192538014556967,0.21862113,,22,16
466.0000013893351,1.019413100662625,0.22013934,,21,16
467.0000013923165,1.0195771584229243,0.20753464,,21,15
468.0000013952979,1.02056408463606,0.2130239,,20,15
469.0000013982793,1.0204720893570567,0.2126694,,20,15
470.0000014012607,1.0198481276591855,0.21595232,,25,19
471.00000140424214,1.0211281258901732,0.2135705,,25,19
472.0000014072235,1.020004661384719,0.20925708,,25,19
473.00000141020496,1.0201294385523323,0.20986569,,25,19
474.00000141318634,1.0180471458192166,0.2066417,,25,19
475.0000014161678,1.0212662412572944,0.20167604,,25,19
476.00000141914916,1.020889836795967,0.1895722,,25,19
477.00000142213054,1.0206106121729348,0.18979245,,25,19
478.000001425112,1.015826301776309,0.19010611,,25,19
479.00000142809336,1.0183870295420374,0.19904259,,26,20
480.0000014310748,1.0206865869421877,0.19108216,,25,19
481.0000014340562,1.0215275447270882,0.19231142,,25,19
482.0000014370376,1.0190667263238329,0.18725556,,26,20
483.000001440019,1.0184992217508544,0.18105842,,25,19
484.00000144300043,1.0193871171426707,0.1764184,,25,19
485.0000014459818,1.0178480552403124,0.17760828,,24,18
486.0000014489632,1.0211954704625466,0.18711397,,25,19
487.0000014519446,1.0237869383927107,0.1928443,,25,19
488.000001454926,1.0218689786996367,0.18080135,,25,19
489.00000145790744,1.021133913081782,0.17895696,,25,19
490.0000014608888,1.0171754608869512,0.18868391,,25,19
491.00000146387026,1.018555061865427,0.17729244,,25,19
492.00000146685164,1.0236151152225896,0.18120019,,25,19
493.0000014698331,1.0237481362511476,0.18641792,,25,19
494.00000147281446,1.0221120502175502,0.18725967,,25,19
495.00000147579584,1.0242664518039293,0.19147886,,25,19
496.0000014787773,1.0257136703135492,0.19195835,,25,19
497.00000148175866,1.0251832713017865,0.18505226,,25,19
498.0000014847401,1.025004525940106,0.18330923,,25,19
499.0000014877215,1.023432776624621,0.19093154,,25,19
500.0000014907029,1.0233203868535559,0.1906827,,25,19
501.0000014936843,1.022021975725189,0.18971083,,25,19
502.00000149666573,1.0237119754763164,0.18698782,,25,19
503.0000014996471,1.02376159799649,0.18980816,,25,19
504.0000015026285,1.0230355287749724,0.18968007,,25,19
505.00000150560993,1.0227104450415168,0.18820368,,24,18
506.0000015085913,1.021681000080159,0.19990066,,25,19
507.00000151157275,1.0200782117790188,0.19249512,,25,19
508.0000015145541,1.0219614052644281,0.19965723,,25,19
509.00000151753557,1.020665029321006,0.19053504,,25,19
510.00000152051695,1.019987588197306,0.19526623,,25,19
511.0000015234984,1.0232233122238836,0.19443385,,25,19
512.0000015264798,1.0219516617676616,0.19702972,,25,19
513.0000015294612,1.019042066258015,0.20156643,,25,19
514.0000015324425,1.0218431749824344,0.19644961,,25,19
515.000001535424,1.021511227097817,0.20096715,,25,19
516.0000015384054,1.0199497658776726,0.1972219,,25,19
517.0000015413868,1.0221499794862403,0.19214833,,25,19
518.0000015443682,1.0235976975087466,0.18967402,,25,19
519.0000015473496,1.0264107551681065,0.19502492,,25,19
520.000001550331,1.0243549410114525,0.18517,,25,19
521.0000015533125,1.022822481865786,0.1870294,,25,19
522.0000015562938,1.0195679702578946,0.18606812,,25,19
523.0000015592752,1.0210621023905486,0.19537349,,25,19
524.0000015622567,1.0170637247146286,0.19487652,,24,18
525.000001565238,1.017732554112905,0.19307356,,25,19
526.0000015682194,1.0204471211177735,0.19808862,,24,18
527.0000015712009,1.0180586737058734,0.19214468,,25,19
528.0000015741823,1.021012128227616,0.18695658,,25,19
529.0000015771636,1.0206584569962813,0.1798158,,25,19
530.0000015801451,1.0189431716479105,0.17700565,,25,19
531.0000015831265,1.0175086731351313,0.18129815,,25,19
532.0000015861078,1.0165826872843848,0.1818466,,25,19
533.0000015890893,1.0175309273685897,0.17959361,,25,19
534.0000015920707,1.01762937741,0.18340188,,25,19
535.0000015950521,1.0182368540863518,0.17536065,,25,19
536.0000015980335,1.0175016042791363,0.17814174,,25,19
537.0000016010149,1.0219477117366904,0.17230953,,25,19
538.0000016039963,1.0217936764057953,0.17558348,,25,19
539.0000016069778,1.0214906989610817,0.17547898,,25,19
540.0000016099591,1.0190441649560444,0.1748617,,25,19
541.0000016129405,1.018589144692485,0.17570546,,25,19
542.000001615922,1.0240084384945267,0.173475,,25,19
543.0000016189033,1.020927179634823,0.17270413,,25,19
544.0000016218847,1.021267819862588,0.17697053,,25,19
545.0000016248662,1.0181658389810644,0.17741875,,25,19
546.0000016278476,1.0210413232635476,0.17638105,,25,19
547.0000016308289,1.0167477072614028,0.17470816,,25,19
548.0000016338104,1.0204300380549511,0.17701994,,25,19
549.0000016367918,1.0183508589316765,0.1810997,,25,19
550.0000016397731,1.0190160953468244,0.17801583,,25,19
551.0000016427546,1.0192506525473022,0.18079737,,25,19
552.000001645736,1.0175002952389156,0.17998935,,25,19
553.0000016487174,1.0183891264415443,0.1757523,,25,19
554.0000016516988,1.0198922480177073,0.17675732,,25,19
555.0000016546802,1.0200343433714019,0.18179633,,25,19
556.0000016576616,1.0228306546039068,0.17700666,,25,19
557.0000016606431,1.021558338619411,0.1773315,,25,19
558.0000016636244,1.018020684737676,0.17252037,,25,19
559.0000016666058,1.0200164815069117,0.17045422,,25,19
560.0000016695873,1.020334117168914,0.17579043,,25,19
561.0000016725686,1.018089328251229,0.17752418,,25,19
562.00000167555,1.0186945489028347,0.17568178,,25,19
563.0000016785315,1.021367541690797,0.18153833,,23,17
564.0000016815129,1.0201102609483412,0.17926486,,25,19
565.0000016844942,1.0197362624432182,0.1786364,,25,19
566.0000016874757,1.0192574751985515,0.17583701,,25,19
567.0000016904571,1.021539125190961,0.18003872,,25,19
568.0000016934384,1.0192587872538497,0.1802217,,25,19
569.0000016964199,1.0192803052820518,0.17785367,,25,19
570.0000016994013,1.0203125694730066,0.1817871,,25,19
571.0000017023827,1.0220838678790012,0.18296072,,25,19
572.0000017053641,1.0213404392232333,0.17727223,,25,19
573.0000017083455,1.022514881145682,0.17690606,,24,18
574.000001711327,1.022937171798061,0.18147734,,24,18
575.0000017143084,1.0206258590996824,0.17332086,,25,19
576.0000017172897,1.0205583017499869,0.18343776,,25,19
577.0000017202711,1.0195637699906517,0.1872165,,25,19
578.0000017232526,1.0189376633058373,0.1871768,,25,19
579.0000017262339,1.0184716964358216,0.18355837,,25,19
580.0000017292153,1.0210521072970573,0.19202435,,25,19
581.0000017321968,1.0198778035725162,0.19518903,,25,19
582.0000017351782,1.0178140054723401,0.2023139,,25,19
583.0000017381595,1.0196834866488311,0.19497542,,25,19
584.000001741141,1.022979360914106,0.1887708,,25,19
585.0000017441224,1.0221368093885992,0.19277819,,25,19
586.0000017471037,1.0212707139807429,0.1897846,,25,19
587.0000017500852,1.0252390716338837,0.19692023,,26,20
588.0000017530666,1.0258748464960024,0.19394812,,25,19
589.000001756048,1.0225248953359134,0.18933377,,25,19
590.0000017590294,1.023353627184585,0.19447473,,25,19
591.0000017620108,1.0232365009907982,0.2001986,,25,19
592.0000017649922,1.0232082773060769,0.20837386,,25,19
593.0000017679737,1.0226814499408807,0.19916481,,25,19
594.000001770955,1.0233649714365685,0.20023462,,25,19
595.0000017739364,1.0225393897902235,0.19313315,,25,19
596.0000017769179,1.0217086411030105,0.19118425,,25,19
597.0000017798992,1.0238336619407384,0.19548565,,25,19
598.0000017828806,1.021102873202183,0.1912299,,25,19
599.0000017858621,1.0194309484404467,0.18541668,,25,19
600.0000017888435,1.0178975610737295,0.19251782,,25,19
601.0000017918248,1.0155988012182031,0.19453916,,25,19
602.0000017948063,1.0168902651492664,0.18804024,,25,19
603.0000017977877,1.0183351331136221,0.18806525,,25,19
604.000001800769,1.0150604885224037,0.19104679,,25,19
605.0000018037505,1.0190373442085197,0.18939057,,25,19
606.0000018067319,1.0193280669722062,0.17945878,,25,19
607.0000018097134,1.019329116713194,0.18722868,,25,19
608.0000018126947,1.02032964991381,0.19522615,,25,19
609.0000018156761,1.021463592136068,0.19627267,,25,19
610.0000018186576,1.0233148469383466,0.19187635,,26,20
611.000001821639,1.0225088199888055,0.19244842,,25,19
612.0000018246203,1.0223238459821307,0.19389144,,25,19
613.0000018276017,1.01986782393335,0.1911941,,25,19
614.0000018305832,1.0221573548397498,0.19923295,,25,19
615.0000018335645,1.0187842325909187,0.19609176,,25,19
616.000001836546,1.022148399062577,0.19048192,,25,19
617.0000018395274,1.0222751066992826,0.18957944,,25,19
618.0000018425088,1.0213809617141574,0.19010878,,25,19
619.0000018454901,1.0185970101762154,0.18699092,,25,19
620.0000018484716,1.0162535385871798,0.18779859,,25,19
621.000001851453,1.0181236523222759,0.18894139,,25,19
622.0000018544343,1.018317310911254,0.18958195,,25,19
623.0000018574158,1.0194973563315193,0.18816838,,25,19
624.0000018603972,1.0191567160790254,0.18457857,,25,19
625.0000018633787,1.0220656947709184,0.19250098,,25,19
626.00000186636,1.0205435818734945,0.19577138,,25,19
627.0000018693414,1.0216841590037353,0.19591178,,25,19
628.0000018723229,1.022427130809178,0.2003921,,25,19
629.0000018753043,1.022275633593882,0.20389065,,25,19
630.0000018782856,1.0207276006781307,0.1987539,,25,19
631.000001881267,1.0217004803163416,0.19890392,,25,19
632.0000018842485,1.0213038655687359,0.20293622,,25,19
633.0000018872298,1.021247298247539,0.20690253,,25,19
634.0000018902113,1.0219387584085207,0.20457053,,25,19
635.0000018931927,1.022333857677851,0.21411411,,25,19
636.0000018961741,1.0243316950982169,0.2044659,,25,19
637.0000018991554,1.0215396515798416,0.20523758,,25,19
638.0000019021369,1.0227286334367875,0.20796296,,25,19
639.0000019051183,1.022471136479554,0.20620184,,25,19
640.0000019080996,1.022690675535827,0.20565233,,25,19
641.0000019110811,1.0224605959692297,0.2078875,,25,19
642.0000019140625,1.0215638658593018,0.20522492,,25,19
643.000001917044,1.0215622866438359,0.20450552,,25,19
644.0000019200253,1.0187317847116821,0.20502658,,25,19
645.0000019230067,1.0216088748684604,0.20546508,,25,19
646.0000019259882,1.0214404336666796,0.20132127,,24,18
647.0000019289696,1.0212691353694847,0.20416549,,25,19
648.0000019319509,1.0184743178516633,0.19921735,,25,19
649.0000019349324,1.0210360628145043,0.19465831,,25,19
650.0000019379138,1.0215288606800768,0.1967714,,25,19
651.0000019408951,1.0235077122822227,0.19582275,,25,19
652.0000019438766,1.0218181620042266,0.1957625,,25,19
653.000001946858,1.0199789204172196,0.19747405,,25,19
654.0000019498394,1.0221394433900268,0.19020842,,25,19
655.0000019528208,1.020000984050618,0.19596784,,25,19
656.0000019558022,1.0219798392457955,0.20102282,,25,19
657.0000019587836,1.0205346449437336,0.2069563,,25,19
658.0000019617651,1.0247378072695885,0.21100238,,25,19
659.0000019647464,1.0227452406091415,0.20535919,,25,19
660.0000019677278,1.0235370025030226,0.20039435,,25,19
661.0000019707093,1.0209371730977865,0.19996032,,25,19
662.0000019736906,1.0208819476968396,0.2011193,,25,19
663.000001976672,1.0201402097462071,0.19597432,,25,19
664.0000019796535,1.021030276362294,0.1990602,,25,19
665.0000019826349,1.020226384756456,0.2037007,,25,19
666.0000019856162,1.0198063732352747,0.2012122,,25,19
667.0000019885977,1.0200128041159917,0.19859232,,25,19
668.0000019915791,1.0220609540309697,0.19660288,,24,18
669.0000019945604,1.0189158926281168,0.1994391,,25,19
670.0000019975419,1.019676397640478,0.19629408,,25,19
671.0000020005233,1.0207357511053206,0.19203995,,25,19
672.0000020035047,1.0190168823311665,0.19567665,,25,19
673.000002006486,1.0202224436143266,0.18885376,,25,19
674.0000020094675,1.0174217569347206,0.18718943,,25,19
675.0000020124489,1.0153131504876458,0.17863193,,24,18
676.0000020154304,1.0135616427098828,0.1882291,,25,19
677.0000020184117,1.0169297675541393,0.18654105,,24,18
678.0000020213931,1.0179305667462812,0.18842454,,24,18
679.0000020243746,1.0185146887916983,0.1863992,,24,18
680.0000020273559,1.018974910963806,0.18723637,,25,19
681.0000020303373,1.0195669201889208,0.19384125,,24,18
682.0000020333188,1.0177807429348034,0.18911114,,25,19
683.0000020363002,1.018994847075897,0.19659558,,25,19
684.0000020392815,1.0207709829823761,0.1969364,,24,18
685.000002042263,1.0216438837035964,0.19339593,,25,19
686.0000020452444,1.0217810389836637,0.1934687,,24,18
687.0000020482257,1.0264560491359491,0.1938714,,24,18
688.0000020512072,1.022034090391728,0.19475397,,25,19
689.0000020541886,1.0215836063272765,0.1936594,,25,19
690.00000205717,1.0212709770829356,0.19414742,,25,19
691.0000020601514,1.0213956976968934,0.18769954,,25,19
692.0000020631328,1.0223322768750989,0.18734275,,25,19
693.0000020661142,1.0193928911819026,0.1808884,,24,18
694.0000020690957,1.0204321405651826,0.18969467,,25,19
695.000002072077,1.02215261353292,0.18999337,,25,19
696.0000020750584,1.0198670360726456,0.19066694,,25,19
697.0000020780399,1.020243726022987,0.18891504,,25,19
698.0000020810212,1.0219953768029804,0.19356743,,24,18
699.0000020840026,1.0220928229023087,0.19041373,,25,19
700.0000020869841,1.0236409786176341,0.19400561,,24,18
701.0000020899655,1.0200296151902153,0.19105335,,25,19
702.0000020929468,1.0235275028494977,0.19418535,,25,19
703.0000020959283,1.021382014274952,0.18839446,,25,19
704.0000020989097,1.0215951876385425,0.19357733,,25,19
705.000002101891,1.0247063569562453,0.19404495,,25,19
706.0000021048725,1.02303763844611,0.20036106,,25,19
707.0000021078539,1.022339917451926,0.19768904,,25,19
708.0000021108353,1.0227710747030445,0.19643657,,25,19
709.0000021138167,1.0231056784504697,0.19763109,,25,19
710.0000021167981,1.0215912394445805,0.19673684,,25,19
711.0000021197795,1.0178231725681588,0.19997573,,25,19
712.000002122761,1.0176791309316118,0.2016974,,25,19
713.0000021257423,1.0194422347502767,0.200412,,25,19
714.0000021287237,1.0211183929847245,0.2065417,,25,19
715.0000021317052,1.0201218199945659,0.1988862,,25,19
716.0000021346865,1.0183348710193976,0.2062662,,25,19
717.0000021376679,1.0207475825250023,0.2040607,,25,19
718.0000021406494,1.0201475657706283,0.20355964,,25,19
719.0000021436308,1.0180067995865072,0.20278987,,25,19
720.0000021466121,1.0167163219482511,0.20252264,,25,19
721.0000021495936,1.0182284681949956,0.21024688,,24,18
722.000002152575,1.019836047528628,0.19779429,,25,19
723.0000021555563,1.0225325378322263,0.19872698,,25,19
724.0000021585378,1.0203554026837387,0.20217228,,25,19
725.0000021615192,1.0191323154774925,0.1998744,,25,19
726.0000021645006,1.0211357544701012,0.20489731,,25,19
727.000002167482,1.0203285987987518,0.19933581,,24,18
728.0000021704634,1.0197703979811024,0.19610837,,24,18
729.0000021734448,1.0208138418544341,0.19897172,,25,19
730.0000021764263,1.0205370105914564,0.20125648,,25,19
731.0000021794076,1.0198491781143375,0.20551196,,25,19
732.000002182389,1.0190221289141599,0.20534308,,26,20
733.0000021853705,1.020091346522117,0.2126733,,25,19
734.0000021883518,1.0228122001576307,0.20721409,,25,19
735.0000021913332,1.0238091119254429,0.20911098,,25,19
736.0000021943147,1.0210442165259244,0.20567867,,25,19
737.0000021972961,1.02236178573054,0.21057148,,25,19
738.0000022002774,1.0229477188595768,0.20909464,,25,19
739.0000022032589,1.019398665264742,0.2175554,,25,19
740.0000022062403,1.0187289001827726,0.21382317,,25,19
741.0000022092216,1.022647447991965,0.21735215,,25,19
742.0000022122031,1.0216899503974486,0.2261949,,24,18
743.0000022151845,1.0186717363108078,0.21897766,,25,19
744.000002218166,1.0196288767256756,0.2138042,,25,19
745.0000022211473,1.0204111157227869,0.22090347,,25,19
746.0000022241287,1.018027496413591,0.21462794,,24,18
747.0000022271101,1.0173502941021941,0.21394834,,25,19
748.0000022300916,1.0194739947952272,0.20801076,,25,19
749.0000022330729,1.0187965583649805,0.21630049,,25,19
750.0000022360543,1.0201549218657733,0.22820799,,25,19
751.0000022390358,1.0205251824259576,0.22280927,,25,19
752.0000022420171,1.0197436145841816,0.22899961,,25,19
753.0000022449985,1.0170872743030628,0.23221464,,25,19
754.00000224798,1.0186872068448591,0.22802565,,25,19
755.0000022509614,1.0179874131940774,0.22247069,,25,19
756.0000022539427,1.0231383819947197,0.22406468,,25,19
757.0000022569242,1.0205370105914564,0.225873,,25,19
758.0000022599056,1.0170613697957713,0.22101822,,25,19
759.0000022628869,1.0207428499351874,0.22814044,,25,19
760.0000022658684,1.0202064165121292,0.22849211,,25,19
761.0000022688498,1.0205972056434447,0.22246554,,25,19
762.0000022718312,1.0190336715235264,0.22474925,,25,19
763.0000022748126,1.0227122902213794,0.2228271,,25,19
764.000002277794,1.0215757100790537,0.22891991,,25,19
765.0000022807754,1.0207670390349497,0.22522993,,25,19
766.0000022837569,1.0211683740827726,0.21962413,,25,19
767.0000022867382,1.0228633464271133,0.22491273,,25,19
768.0000022897196,1.0230946017595401,0.22776076,,25,19
769.0000022927011,1.0201039560876435,0.22840762,,25,19
770.0000022956824,1.0224313468119282,0.22441253,,25,19
771.0000022986638,1.0223420252106568,0.229322,,25,19
772.0000023016453,1.0229100137820275,0.22728026,,25,19
773.0000023046267,1.0229653855124516,0.22609751,,25,19
774.000002307608,1.023835509823115,0.22570579,,25,19
775.0000023105895,1.023387924273169,0.23273316,,25,19
776.0000023135709,1.0210834081568265,0.22986594,,25,19
777.0000023165524,1.0221560378071335,0.2309856,,25,19
778.0000023195337,1.022948773573703,0.23135802,,25,19
779.0000023225151,1.0209540044881278,0.22671238,,25,19
780.0000023254966,1.0201207691649654,0.23309986,,25,19
781.0000023284779,1.022068328528003,0.2286891,,25,19
782.0000023314593,1.0206279621478953,0.22954449,,23,17
783.0000023344408,1.0201273368736472,0.22338009,,25,19
784.0000023374222,1.018910122191017,0.22419965,,25,19
785.0000023404035,1.020892992458378,0.2383616,,24,18
786.000002343385,1.0226706429565,0.23967703,,24,18
787.0000023463664,1.019765408845885,0.23117109,,25,19
788.0000023493477,1.0206274363853005,0.22656718,,25,19
789.0000023523291,1.0210592090605957,0.2276254,,25,19
790.0000023553106,1.020828303978414,0.2246876,,25,19
791.000002358292,1.0195288561621632,0.22770324,,25,19
792.0000023612733,1.0209929284953732,0.23014614,,25,19
793.0000023642548,1.020495218558088,0.21944304,,25,19
794.0000023672362,1.0203201899302625,0.22531326,,25,19
795.0000023702177,1.0201909152080633,0.22190039,,25,19
796.000002373199,1.0201562354616345,0.23277664,,25,19
797.0000023761804,1.021051581243119,0.22785446,,25,19
798.0000023791619,1.0196672082830065,0.2217842,,25,19
799.0000023821432,1.0211639019569196,0.21527366,,24,18
800.0000023851246,1.0207980653034703,0.21932402,,25,19
801.000002388106,1.022353617987244,0.21384391,,25,19
802.0000023910875,1.0204258330518161,0.21788304,,25,19
803.0000023940688,1.0214775401883756,0.220914,,25,19
804.0000023970503,1.0201475657706283,0.22088762,,25,19
805.0000024000317,1.0187551235733665,0.21588151,,25,19
806.000002403013,1.0184197942546058,0.2118791,,25,19
807.0000024059945,1.0189179909796835,0.22054513,,25,19
808.0000024089759,1.0223328038089874,0.21954472,,25,19
809.0000024119573,1.0225006506792467,0.21940288,,25,19
810.0000024149386,1.0205514674864107,0.21507552,,25,19
811.0000024179201,1.0241433763031766,0.22484438,,25,19
812.0000024209015,1.0253927418185464,0.21992278,,25,19
813.000002423883,1.0239434866715635,0.2187761,,25,19
814.0000024268643,1.0236824146482373,0.21941559,,25,19
815.0000024298457,1.024459027929854,0.22202972,,25,19
816.0000024328272,1.0213049180235991,0.21898349,,25,19
817.0000024358085,1.0239202532070792,0.21439414,,25,19
818.0000024387899,1.0236858457573959,0.21106258,,25,19
819.0000024417714,1.0228680921301505,0.21368773,,26,20
820.0000024447528,1.0218874104581293,0.21050493,,25,19
821.0000024477341,1.0243665642318394,0.21391599,,25,19
822.0000024507156,1.0234697158232746,0.21875355,,25,19
823.000002453697,1.0211615343714517,0.21509346,,26,20
824.0000024566783,1.0236510075154488,0.21774662,,25,19
825.0000024596598,1.0184918815698638,0.22268987,,25,19
826.0000024626412,1.0195742707020183,0.22694561,,25,19
827.0000024656226,1.022460859480222,0.22527233,,25,19
828.000002468604,1.020804638826863,0.21703711,,25,19
829.0000024715854,1.0213478067894126,0.22078228,,25,19
830.0000024745668,1.0214999102364561,0.2195183,,25,19
831.0000024775483,1.0208506550709993,0.22439048,,25,19
832.0000024805296,1.0205887938232583,0.2223362,,25,19
833.000002483511,1.0212399316480434,0.22290078,,25,19
834.0000024864925,1.0199248146766886,0.22245678,,25,19
835.0000024894738,1.018836684070484,0.22205773,,25,19
836.0000024924552,1.0185954370729908,0.2141037,,25,19
837.0000024954367,1.0205065205809902,0.21289821,,25,19
838.0000024984181,1.01954775668344,0.2208807,,25,19
839.0000025013994,1.0203874634654873,0.22453348,,25,19
840.0000025043809,1.0194186124318987,0.22150412,,25,19
841.0000025073623,1.0208674845595556,0.22445968,,25,19
842.0000025103436,1.020125235200735,0.22787917,,26,20
843.0000025133251,1.0220022239620605,0.21785569,,25,19
844.0000025163065,1.0192118170769238,0.2251552,,25,19
845.0000025192879,1.0185506049927753,0.22577322,,25,19
846.0000025222693,1.0194558835335614,0.21811715,,25,19
847.0000025252507,1.0185482454824863,0.21589999,,25,19
848.0000025282321,1.0179858413459948,0.22189763,,25,19
849.0000025312136,1.0168442251931835,0.21821976,,25,19
850.0000025341949,1.0180688917509157,0.22081819,,25,19
851.0000025371763,1.0216744190312008,0.21446857,,25,19
852.0000025401578,1.0205233425055305,0.21396823,,25,19
853.0000025431391,1.0198321083968698,0.21405165,,25,19
854.0000025461205,1.019500506256189,0.21012358,,25,19
855.000002549102,1.0227291606430822,0.21617314,,25,19
856.0000025520834,1.019437247755622,0.21982773,,25,19
857.0000025550647,1.0203023213915186,0.21517615,,25,19
858.0000025580462,1.0272818728253694,0.2219404,,25,19
859.0000025610276,1.0244978660014599,0.21752691,,25,19
860.0000025640089,1.023430138178453,0.2123652,,25,19
861.0000025669904,1.0262343724819865,0.22006306,,25,19
862.0000025699718,1.022509083516369,0.21721081,,25,19
863.0000025729532,1.0212938673196588,0.21113808,,25,19
864.0000025759346,1.0211360175259367,0.21735802,,25,19
865.000002578916,1.0209595273687004,0.21339102,,25,19
866.0000025818974,1.017784933410916,0.21230507,,25,19
867.0000025848789,1.020774664018305,0.20927206,,25,19
868.0000025878602,1.023642298201967,0.21279642,,25,19
869.0000025908416,1.0216580982736843,0.20096593,,25,19
870.0000025938231,1.0212846585214932,0.20507398,,25,19
871.0000025968044,1.020133379215428,0.20927456,,25,19
872.0000025997858,1.0184357839446467,0.20503077,,25,19
873.0000026027673,1.021764452683373,0.21264496,,25,19
874.0000026057487,1.0209503225898762,0.21454684,,25,19
875.00000260873,1.0211457506553736,0.20823407,,25,19
876.0000026117115,1.0191973854792746,0.2125713,,25,19
877.0000026146929,1.0191572408317002,0.21807198,,25,19
878.0000026176742,1.0192391066608288,0.21696386,,25,19
879.0000026206557,1.0215714987799425,0.2143316,,25,19
880.0000026236371,1.0237769077192063,0.21148348,,24,18
881.0000026266185,1.020992665488685,0.20828335,,25,19
882.0000026295999,1.0213601739348053,0.21300967,,25,19
883.0000026325813,1.0212388792824705,0.21997666,,25,19
884.0000026355627,1.021101294936831,0.21294029,,25,19
885.0000026385442,1.021761030158153,0.22061872,,25,19
886.0000026415255,1.021967462095117,0.2085984,,25,19
887.0000026445069,1.0201029052825783,0.2131693,,25,19
888.0000026474884,1.0210957710337132,0.21549341,,25,19
889.0000026504697,1.0206616117051068,0.21341844,,25,19
890.0000026534511,1.023487394497292,0.2080845,,25,19
891.0000026564326,1.0203856238761133,0.21296254,,25,19
892.000002659414,1.024310034766672,0.20839405,,25,19
893.0000026623953,1.0218171088441073,0.21969965,,25,19
894.0000026653768,1.020038020865861,0.21100223,,25,19
895.0000026683582,1.0177165791423042,0.20806639,,25,19
896.0000026713396,1.0198914601318454,0.22274773,,25,19
897.000002674321,1.0200853045122846,0.22264151,,25,19
898.0000026773024,1.0236668428839968,0.22247294,,25,19
899.0000026802838,1.020052468336664,0.21389338,,25,19
900.0000026832652,1.0219995904320989,0.2200704,,25,19
901.0000026862466,1.0200973885796654,0.22262482,,24,18
902.000002689228,1.023034210233457,0.2279487,,25,19
903.0000026922095,1.020116828566818,0.22248499,,25,19
904.0000026951908,1.0186822247742724,0.22292857,,25,19
905.0000026981722,1.0223264806262249,0.22776708,,25,19
906.0000027011537,1.021856340035719,0.2253099,,25,19
907.000002704135,1.0208895738246864,0.22181913,,25,19
908.0000027071164,1.0210663108899944,0.21528251,,25,19
909.0000027100979,1.0183906991199527,0.21866755,,25,19
910.0000027130793,1.01902553921242,0.22230422,,25,19
911.0000027160606,1.0195829338974511,0.21690401,,25,19
912.0000027190421,1.0189943224347053,0.21100894,,25,19
913.0000027220235,1.0201068458090137,0.22114559,,25,19
914.000002725005,1.0193419761572768,0.22003813,,25,19
915.0000027279863,1.0195614073504662,0.21294174,,25,19
916.0000027309677,1.0164563965967433,0.21874678,,25,19
917.0000027339491,1.016119985018176,0.2177064,,25,19
918.0000027369305,1.0193002493612335,0.21685497,,25,19
919.0000027399119,1.021299129539747,0.21945338,,25,19
920.0000027428933,1.0226511380530392,0.21795623,,25,19
921.0000027458748,1.0226693250419923,0.21408577,,25,19
922.0000027488561,1.0201704224406398,0.21510401,,25,19
923.0000027518375,1.0231220300483697,0.21897502,,25,19
924.000002754819,1.0211896828057716,0.21370849,,25,19
925.0000027578003,1.0212596637702573,0.21685922,,25,19
926.0000027607817,1.0208724808851835,0.2123913,,25,19
927.0000027637632,1.0208979889504615,0.21351066,,25,19
928.0000027667446,1.0198520668734439,0.21358955,,24,18
929.0000027697259,1.0194149379146347,0.20892856,,24,18
930.0000027727074,1.0148410434418917,0.21580139,,24,18
931.0000027756888,1.0207183986872062,0.22029905,,25,19
932.0000027786703,1.0226658984748707,0.22132254,,24,18
933.0000027816516,1.0228348728253913,0.2202346,,25,19
934.000002784633,1.0227621117555727,0.2267966,,25,19
935.0000027876144,1.021513595764374,0.21715954,,25,19
936.0000027905958,1.0222392787159458,0.21387593,,25,19
937.0000027935772,1.0241375663592494,0.21713075,,25,19
938.0000027965586,1.0238867243327352,0.2222903,,25,19
939.0000027995401,1.0190522974653418,0.21971712,,25,19
940.0000028025214,1.0191826917688755,0.22788851,,25,19
941.0000028055028,1.0189743863363003,0.2183764,,25,19
942.0000028084843,1.0181684593473077,0.22502752,,25,19
943.0000028114656,1.0165377118046002,0.2283471,,25,19
944.000002814447,1.0191963359191647,0.22898272,,25,19
945.0000028174285,1.0204423903852766,0.2322299,,25,19
946.0000028204099,1.0173387769092983,0.22623782,,25,19
947.0000028233912,1.0178517222289896,0.22993615,,25,19
948.0000028263727,1.0172736033431926,0.22832367,,25,19
949.0000028293541,1.0214925412072966,0.22547612,,25,19
950.0000028323356,1.0210000297101047,0.22407326,,24,18
951.0000028353169,1.0212930779897635,0.22207674,,25,19
952.0000028382983,1.0231296784960286,0.2261846,,24,18
953.0000028412798,1.0213564900833831,0.22911231,,25,19
954.0000028442611,1.020978463261659,0.23077388,,25,19
955.0000028472425,1.0181744862237911,0.23694873,,24,18
956.000002850224,1.0192897524125941,0.23058927,,25,19
957.0000028532054,1.0227283698337761,0.22617896,,25,19
958.0000028561867,1.0191779688505178,0.23060349,,25,19
959.0000028591681,1.019980759029031,0.22526869,,25,19
960.0000028621496,1.0218742448711167,0.22919588,,24,18
961.0000028651309,1.0236689542911475,0.22572932,,25,19
962.0000028681123,1.0230777232998722,0.22876516,,24,18
963.0000028710938,1.0214304336349527,0.22697356,,24,18
964.0000028740752,1.0216301958482912,0.22781447,,25,19
965.0000028770565,1.025513901064177,0.22447133,,25,19
966.000002880038,1.0193396142023516,0.22505887,,25,19
967.0000028830194,1.0227130810141078,0.22358263,,25,19
968.0000028860009,1.023008630976425,0.22366829,,24,18
969.0000028889822,1.0216015047911993,0.21762171,,25,19
970.0000028919636,1.0226044864446313,0.22116873,,25,19
971.000002894945,1.0214441179218,0.22533624,,25,19
972.0000028979264,1.0206174469646105,0.22651896,,25,19
973.0000029009078,1.0222226824969622,0.23209807,,25,19
974.0000029038893,1.0193873795980535,0.24200685,,25,19
975.0000029068707,1.0200535190724562,0.2348032,,25,19
976.000002909852,1.0202689503849747,0.23186207,,25,19
977.0000029128335,1.0191924000815873,0.2367502,,25,19
978.0000029158149,1.0207097226256439,0.2307665,,25,19
979.0000029187962,1.018650235410841,0.23504093,,25,19
980.0000029217777,1.0193094343095284,0.22880793,,25,19
981.0000029247591,1.0216910033828266,0.23387048,,25,19
982.0000029277405,1.022181061813762,0.23313355,,25,19
983.0000029307218,1.0204970584109083,0.23703389,,25,19
984.0000029337033,1.0242651311466866,0.2347496,,25,19
985.0000029366847,1.0224231783276512,0.23379824,,24,18
986.0000029396662,1.0235681410804363,0.23190911,,25,19
987.0000029426475,1.022050945898472,0.23782334,,25,19
988.0000029456289,1.0245995940648083,0.2269682,,25,19
989.0000029486104,1.022347821577041,0.22983813,,25,19
990.0000029515917,1.0215965037077175,0.23228052,,25,19
991.0000029545731,1.02245664331521,0.22953813,,25,19
992.0000029575546,1.0239743777072159,0.22896524,,25,19
993.000002960536,1.0224221243360183,0.22860524,,25,19
994.0000029635173,1.0201486166370333,0.23640592,,24,18
995.0000029664988,1.0218171088441073,0.22939196,,25,19
996.0000029694802,1.01912103374227,0.22748403,,24,18
997.0000029724615,1.0208030611761012,0.22571377,,24,18
998.000002975443,1.020422679314627,0.23761365,,25,19
999.0000029784244,1.0190202926060155,0.23841134,,25,19
